name,email,profession,birthday,sentence
Lizzie Powell,ro@jeb.bt,Construction Engineer,Mon Apr 01 1974 10:40:02 GMT+0900 (GMT+09:00),Bofhopa olira sobipa awozoome hoboja celusah desbogfa tu joweh miflu acta wak lofwo ow faciji hit.
Rachel Alexander,umo@jekeote.wf,Seminar Presenter,Sat Dec 01 1984 00:15:49 GMT+0900 (GMT+09:00),Ebpov no cojim sef mowumi mu bo pupu le ifo veami nikeej levan coumuede dancu numlu ziv.
Jessie Warren,tef@jamih.cu,Manufacturing Director,Sun May 11 1986 03:31:48 GMT+0900 (GMT+09:00),Vimok tan imasiti tetuzurul lo luewnet ceg hegdi mu ohufihtu pab ke puz ri me cejre.
Caleb Aguilar,lubjieme@orahi.af,Medical Secretary,Fri May 18 1990 22:36:31 GMT+0900 (GMT+09:00),Jewju ni fet kegedno jouhuur bowsilpi ulula ugosukse sih avni boh we liduvjit le gi do mepsikme fomdid.
Brett Simon,gu@ebetitgec.mt,Patent Attorney,Tue Nov 03 1992 05:49:47 GMT+0900 (GMT+09:00),Hivotubu wekseab emaeco faozage lelu evho lifnawu usiloco uk mesuj cuwris nuhur bele kegecgiz diwrajis.
Sylvia Morrison,ajeejeiw@wuazeh.bo,Retail Store Manager,Sun Aug 31 1986 22:16:41 GMT+0900 (GMT+09:00),Danjaji re vij jaamo aviha sernilag kedde izaliwak zutoj wigov kuhu sejos rufanoh olmewi zano.
Ophelia Park,bafsepda@uhiula.cv,MIS Manager,Sat Oct 04 2003 07:22:43 GMT+0900 (GMT+09:00),Udoivobad le jiso locego fima tevaveg tidu zonuron zoohadon awiihivaf suc gijfomgiw umsipli ezoveh ca let wuppogvu.
James Morrison,hadpe@zi.tk,Environmental Analyst,Tue Apr 04 2000 18:13:39 GMT+0900 (GMT+09:00),Tibhi foihuwoz vaam huw ib kujwom gicatug wicasrub hovlocwe ke vofol nocemi uvuufi.
Trevor Alexander,sanpoigo@gucu.eg,Health Therapist,Fri May 03 1963 00:35:00 GMT+0900 (GMT+09:00),Huwupuj sahpapmur hufheg ko emaoj turjuhwac asocob na wuvgildo jajig doc za.
Betty Sanchez,kevtapas@fihi.sh,Actor,Fri Oct 13 1972 04:17:31 GMT+0900 (GMT+09:00),Redhebo udu ko wek avtiome fu woermik firpoheh ivami ud tew fi rap vo hadzezib jat tu.
Lewis Lamb,guc@go.cf,Social Scientist,Sat Mar 17 2001 00:55:21 GMT+0900 (GMT+09:00),Niju vezjaj utlaf azucunho uhuke rezkil moboswa darobu ref owa edejonow bep bum bicra haselsus.
Johanna Torres,we@etuufara.ga,Investment Manager,Wed Aug 21 1985 09:49:42 GMT+0900 (GMT+09:00),Ifu nukaz ji wokgogu lolsac kovef juhmekif kal jo no baskut mudid za latihbuh.
Nathaniel Walker,lugsumce@gaki.tg,Strategic Planning Director,Fri Jan 07 1972 17:20:00 GMT+0900 (GMT+09:00),Ufe sopham go omfadat luwikcuc ajaowidiw itojusamo jecgiw ceidedi abebe beeh mu jigodif mu.
Cordelia Glover,fofuibu@jazuuw.im,Telemarketer,Sat Jul 08 1967 21:51:14 GMT+0900 (GMT+09:00),Nogebo mizbu ke cugsah henis ma feczu zu iwawicu jiboape gab losivero.
Gary Doyle,we@vaud.cu,Operations Research Director,Mon Nov 12 1973 09:40:30 GMT+0900 (GMT+09:00),Je bet riutonum vazi seb erehovem uvover onauwra masi codjiod kib tuven uruf vo lotuzwec odu senar toizaul.
Thomas Cooper,vur@bomo.gs,Private Banker,Mon Dec 07 1987 18:26:43 GMT+0900 (GMT+09:00),Veg oge wuj acaen tiippok pofzu pi on mobi duvkuan dumtu wulneoji noapewo.
Isabella Freeman,hufuhivuj@dijruckoj.bi,Executive Assistant,Mon May 12 2003 02:26:32 GMT+0900 (GMT+09:00),Nobsaloh ud uw hoilapuw hihpa bubifi gojenima pif wemidhof pevresed zo zob hecececu tuh sicejwo lilek.
Dennis Lambert,op@cehuvi.mx,Private Investigator,Fri Oct 29 1993 10:57:00 GMT+0900 (GMT+09:00),Bucleita cejpu uranero avrebos fahizrej ucluefa al dolrub regli vacic ra celfa.
Bessie McKenzie,gipci@ed.mh,Technology Director,Thu Nov 16 1972 16:57:16 GMT+0900 (GMT+09:00),Du fiz if he suktore neteti omzijej upalu cogciphef leuhi feuca enoitita carizig lab fe kihsiapo.
Juan Barnes,rolseur@lioju.va,Importer,Thu Apr 25 1985 11:02:47 GMT+0900 (GMT+09:00),Lit hiwfafa ubouzojen domubop ralte ma okana rebed im ezojo ozuha hiz guhuhuv okiafuisa ri oglepos muibe.
Annie Roy,ra@worecuh.ye,Organizational Development Manager,Fri Aug 10 1990 17:16:15 GMT+0900 (GMT+09:00),Mek hosruflu ila lel locad dojtub kitav ziame nebcapwo sofdafen ef dipwi japdoduje onkinju pe alaf.
Virgie Roberson,laoj@tabwovfe.pe,Film Production Assistant,Tue Mar 27 1956 17:59:19 GMT+0830 (GMT+09:00),Met tut su gan badif lajun ovpe tinamjo ab asda vumsim iwfi.
Lucy Hughes,uthumit@pozovvot.bn,Flight Attendant,Sat Aug 10 1968 04:57:19 GMT+0900 (GMT+09:00),Agnol macubo taj jeckovu cul acjalbo zet vo ofailahe el eco sad ed ojbutig oguta midwomca uvusalor.
Charlie Austin,sedpawgoh@lukop.ly,Business Planner,Thu Sep 02 1993 09:13:48 GMT+0900 (GMT+09:00),Vak bohro rohdup nezaj duifiki elokkor fihup juh rejfuckem jevgir an pok diese jun bo.
Devin Ryan,po@po.sy,Cruise Director,Mon Jul 11 1983 15:29:24 GMT+0900 (GMT+09:00),Is awefe ecvo li ku aleuw jaw ge tubrawdeg alinat nupzodu ge.
Susie Brown,mutuoge@mus.cf,Mathematician,Wed Dec 25 1974 19:31:39 GMT+0900 (GMT+09:00),Olisuj tokudniw jip def lemci ji zipin tohucuz ge gew ugpadfos iluimad jorvenvid zawo cu jaz.
Dorothy Higgins,zeb@kiczok.cu,Labor Organizer,Wed May 11 1994 02:45:05 GMT+0900 (GMT+09:00),Ta hacraga refeti nu zuhime winibme bijtogpa pav ju balhioz tut olo al.
Harry Harrison,gaavu@ogicwa.cv,Broker,Tue Nov 10 1981 04:51:23 GMT+0900 (GMT+09:00),Vacu sookose zuglid jigekpo daur nimawow lug ilu zilu ale vizu nu ke nuw.
Rosa Williams,robu@mo.qa,Real Estate Broker,Tue Aug 27 1996 14:28:32 GMT+0900 (GMT+09:00),Nonkos wejizofa okweli juj bazit ururo idmi enage siwici enazeduj jerjih juri gimrimi.
Shane Phelps,ca@genubled.gl,Teacher,Wed Nov 09 1966 12:02:31 GMT+0900 (GMT+09:00),Abvojge nof celjew nibenne cal nupad fuas pulozho liopara jupgonah mij opo mikceg odec imo dileje gup.
Floyd Zimmerman,puvgiki@pedifogi.by,IT Project Manager,Mon Apr 14 1980 12:27:59 GMT+0900 (GMT+09:00),As kod fokre ene bom enemofu ve dok fepuz mos amaeciew ce din per lunojbuh ac wirive bisan.
Tommy Oliver,saffe@ze.tz,International Courier,Fri Feb 23 1979 06:04:36 GMT+0900 (GMT+09:00),Uji ewjogva hovrifid ok omuzil voc wendot idfifer vubaz kedimwi lihit kocte hepcigje.
Lloyd Gill,hubvi@ilgi.py,Designer,Thu Jan 14 1988 08:18:39 GMT+0900 (GMT+09:00),Aginoz hud tohipaj icu fot ob pubal ceemuru farsufa kipe viwsaha as jujmap tacoz ho kir.
Max Wolfe,agzunbit@hopsasjiv.nl,Social Program Planner,Tue Oct 22 1968 05:44:01 GMT+0900 (GMT+09:00),Witgi ubetavdog po weotawif to coavebe vuwe gezikir madut ec hohbeate lem.
Landon Shaw,ba@cew.mm,Network Operator,Sat Oct 21 1967 12:27:00 GMT+0900 (GMT+09:00),Eroownu nojic amcef ezloznem ni mizi jofbakgus iluhu suhbaphor nefoz kepukbe itekuuwu igfu udnu isjon.
Maurice Welch,gap@aj.mx,Broker,Fri Jul 26 1991 12:18:36 GMT+0900 (GMT+09:00),Fapufef rahafzah tozoja mug pi da baja fon me cool mapola ul duifoado cahjiave otu je.
Isaac Conner,uhukeze@tol.nl,Computer Manager,Thu Mar 31 1994 18:17:24 GMT+0900 (GMT+09:00),Vib zeja gicwowpo wazwidja hoprifu ukubo puukote ser jazkabas sasafde cu upubkoh huri moppigal gog.
Timothy McCormick,modaru@gajcubhon.ad,Baker,Sun Mar 03 1985 13:27:26 GMT+0900 (GMT+09:00),Ola acopakgum je ir salap hofagtu des funsifnum cevu wernek rah ocah evozi dugbizpo vuc lolhived upirdup hozi.
Jordan Dawson,divufmih@ces.cr,Executive Assistant,Mon Oct 14 2002 19:06:37 GMT+0900 (GMT+09:00),Sor peb hakdagtoh sofehe zot jof jenginut vuju ome memi fok numzafri jukji zare kubpigo.
Jordan Hunt,ub@diekikag.cc,Chief Information Officer,Fri Oct 13 1967 17:26:10 GMT+0900 (GMT+09:00),Zotajfir doceloko doaro ipemizav puctuw seuw ivitat roc zalijow olpik rel hirat agjozdi kaaci bi veimous ic.
Maggie Little,roug@na.bj,Claims Manager,Sun Feb 12 1978 10:39:20 GMT+0900 (GMT+09:00),Nic rilij vugnu regpe kun vuzemev of dedhe ahakazen bonguccab af majos.
Justin Brock,ze@nizufmav.org,Professional Athlete,Wed Jun 12 1991 09:38:45 GMT+0900 (GMT+09:00),Ika ma hicifu ninne netavim tut edfe lovnif cop mukwe tum ese fife vaw geppoel.
Cornelia Conner,su@tovudoca.sy,Fitness Consultant,Sat Oct 17 1959 10:01:08 GMT+0830 (GMT+09:00),Fovus ci ow ba iji rumjo tuwu zur hi zec ucefusivo purtozgu.
Marguerite Garrett,cepa@gis.mc,Strategic Planning Director,Mon Dec 31 1973 00:55:30 GMT+0900 (GMT+09:00),Jetwiho wuhoftaj fuc ba ecuberceh we ijcaut oj tup uw ceido inmur biw bab weoriha urwelru gukile wagwi.
Vera Patton,ze@weepa.sa,Industrial Designer,Wed Jun 14 1961 22:49:19 GMT+0830 (GMT+09:00),Wus vomokri ofute dopoca keh hidoj copikti vus fiv rawef anabejav sa kigi uzosez so rodujuraw.
Hettie Chandler,pug@sohwujri.zm,Sociologist,Tue May 16 1978 00:53:05 GMT+0900 (GMT+09:00),Roghafoj konfiwlug kateuj jozuczec egmutsul kiminkep feineje da lomuole jopcozko bin feclu usulip zufwuvzok po ceozo.
Tillie Jennings,wulvigum@on.az,Astronomer,Mon Aug 18 1975 09:18:53 GMT+0900 (GMT+09:00),Subnutne ipca fongutsi rudawiso ce vamgav orole ve catsusum ruv sijhilbik rurikmi oz biw vo.
Floyd Wright,ebouz@wegfaaz.ch,Public Administrator,Fri Jan 13 1956 11:38:58 GMT+0830 (GMT+09:00),Dibvo nosolej ib pemcundur pehjagfal rirerauz lovimuh rooweg ladodbul cevo izwa befez ki.
Jonathan French,uhul@ekwata.aq,Scientific Writer,Thu Nov 16 1961 23:57:59 GMT+0900 (GMT+09:00),Fiihfe tiedawed kozif efu agzih ehafiz powov da be iwvi vezhepfah divpuboj jinu nizo if ehhuw.
Matilda Ryan,tin@fu.cf,City Housing Manager,Mon Aug 11 1997 12:43:33 GMT+0900 (GMT+09:00),Zanigwu rejuw cajsepzos vo gicagug romib ebjon zuc vu ohcel ligeh biz hekder.
Lelia Collins,unkubmu@ge.gi,Veterinarian,Mon Dec 29 1997 06:45:38 GMT+0900 (GMT+09:00),Gin fab jacju galsi fehatizi lu ujaniz hejame muafzoc ki gaehhaf gehde su.
Katie Webster,zaratmu@ime.jp,Escrow Officer,Fri Apr 11 1980 03:05:38 GMT+0900 (GMT+09:00),Go gunsopuz lajkih ovoji piz wuwovuen hofoiwa obiop ijoho hecife zokzes talcub sij sa ikedamzi pappopas kibow ocrawo.
Isabella Roy,vak@wejagear.jo,IT Systems Analyst,Wed Oct 14 1987 13:55:09 GMT+0900 (GMT+09:00),Ihuekapu tivuwam gemkos zabsisig cu von higzupcel remvife wijace mapo imuk ijubafaj wuj to.
Gene Briggs,do@helposa.wf,Payroll Specialist,Fri May 17 1985 00:39:29 GMT+0900 (GMT+09:00),Tupakaf moh luato itepo ehi hudnu asuvudaz ino su jow pothe pijkuged ub dop.
Ada Wallace,liz@tak.lv,Employment Agent,Thu Jan 01 1981 22:42:35 GMT+0900 (GMT+09:00),Anov bemdikzuj ov pib pokadok oco lerah rahu fi gulciri wijil ho getoz bevunvo vahkasic ve berum ubopiawo.
Gertrude Reynolds,curmeci@boiwi.am,Buyer,Sat Sep 07 2002 07:47:41 GMT+0900 (GMT+09:00),Rubu nu awefab hehoed kotup fidpok mubaj zibjo se ur pijse cuv butsuv vapof.
Noah Mullins,ves@fufop.lr,Portfolio Manager,Sat Jul 23 1960 18:59:46 GMT+0930 (GMT+09:00),Mih ho garut umevah robro punuhig kirani kogo ros jiicubo dunuki wizet nunkusbu buguri riuzepa mivizzed.
Jesse McDaniel,vorluwa@res.tv,Buyer,Wed Oct 04 1989 23:53:12 GMT+0900 (GMT+09:00),Kicmiha zokizu hetiv fu bec alwa ja modbo evdogu vuv weg favpugnuv kez zafdana kitidjir.
Landon Knight,telombah@kuv.mo,Computer Manager,Tue Mar 21 1989 10:59:36 GMT+0900 (GMT+09:00),Recsep tehabpif bibvi cuj zeogtu mecnumug evi dav ged fus wop pen res.
Lucile Ball,foceloug@pinef.zw,Comptroller,Sat Oct 16 1971 12:36:59 GMT+0900 (GMT+09:00),Jarjaran nuz man semrig ozenawu lin waw eku wete sow go lukonig je waajemo ohehu ceb owmek zeko.
Cecelia Robbins,difosomi@guvdena.sx,Astronomer,Wed Sep 20 1967 05:29:03 GMT+0900 (GMT+09:00),Cajipwej il taj pomu surbuhdi haotfur niwjig nuoji wekare osote rub untikiro ihheb bi affirje memsu idsu laimu.
Vincent Bowen,ozigoh@gac.uy,Chief Technology Officer,Sun Oct 28 1973 14:39:53 GMT+0900 (GMT+09:00),Folzigo ijewadab jownar tiisu ibu kuidahe ilhijgur kajzur puwoeda micpociv oviadte hiuceol rutvupe fow sarfaudu pap.
Frederick Reyes,hef@pu.za,Civil Engineer,Sat Aug 16 1969 22:36:31 GMT+0900 (GMT+09:00),Pi ejo niowce paewu ja gav lume gus lelon ude imcogit zaflegjar sonige oksa tos dop mu.
Bess Gardner,cilovvat@udnu.nu,Lobbyist,Sat Sep 19 1981 22:27:36 GMT+0900 (GMT+09:00),Zokedvi om dajkableg baczijli jeleble kaz muwekwag kinome ojoijije riz haut bevdoufe luvrim adaagji jeajuzi.
Chris Fletcher,hib@utfam.sb,Tax Specialist,Fri Dec 28 1956 18:07:18 GMT+0830 (GMT+09:00),Permi ohcu wifico ke iguge um va forpeg muheghu lihos juahra siwnu vuj bukbo.
Leona Young,fa@cic.br,University Administrator,Tue Mar 20 1979 04:24:36 GMT+0900 (GMT+09:00),Ije dal etbap gocuz naopoup lusoja kidgafe ke gu ti sasabjo vemzeuf mef gisfa arigedo ij feam.
Shane Ray,ji@nimluc.io,Wildlife Specialist,Wed Dec 15 1971 13:16:38 GMT+0900 (GMT+09:00),Nek ureuvi ogifu vezekfu pap boha ka adwecen zepmaamu hifon fifoc juloaw utuof higgocez duhkijfek gotnaj setcon rarcu.
Barbara McKenzie,ekuhgaw@dut.mw,Agricultural Inspector,Mon Aug 24 1987 15:14:54 GMT+1000 (GMT+09:00),Fibhicge katiw jizke ewozul uze letcuuco fijo luwpiwbu remopjek uhikud amvo pe re ro sajajo goz.
Madge Cole,ijunaj@oma.hm,Lead Software Engineer,Thu Jan 23 1997 20:01:08 GMT+0900 (GMT+09:00),Ter vi jampatum gu tekja no hug ubfo muful eldava musujuf zov jo.
Mabelle Steele,da@gevtapa.kh,Computer Ops. Manager,Sun Apr 11 1999 18:47:26 GMT+0900 (GMT+09:00),Wiho unuto agofislan hikcotoj aveda onanasun ti kusoli keje zan nuhcitul ajfupo hoder lahih.
Emilie Bailey,pasfo@cudrun.lr,Sales Manager,Tue May 29 2001 04:03:53 GMT+0900 (GMT+09:00),Git bu gud jitim buwo ro humrop eje ciug bomsueku diljuv tu zobevo liwonu us uzu at nabafhu.
Bertie Wolfe,dagi@gu.gb,Food Service Manager,Sat Apr 16 1983 21:59:32 GMT+0900 (GMT+09:00),Zo retacto okeke buku devlego povsa dezroz odafufe hehiwucic bi le li.
Claudia Ramsey,avu@migira.sl,Animal Trainer,Thu Mar 13 1969 20:21:54 GMT+0900 (GMT+09:00),Jiufopa pawiku ewtunam sugza ecu sacor bipefbiw gal lob rusbogvuz teciwji sizij wulvevum ga.
Etta Watkins,jovise@wujoh.nz,Portfolio Manager,Wed Jan 27 1999 19:23:34 GMT+0900 (GMT+09:00),Ewonih etanobfu nu deemi akule bu gergiv ohji pedcen azujato ahomimo ibi hulfuf sivub cicfuumu.
Richard Saunders,wili@jo.cw,Compliance Manager,Wed Feb 01 1984 15:05:30 GMT+0900 (GMT+09:00),Weiwuona cu su madepa weknih loppaz meikiza ujpe utaki os uhhahot miwehde ha odijuado haifi tisap jiumbi.
Marguerite Vaughn,haof@zak.bw,Bankruptcy Attorney,Fri Dec 19 1980 07:59:47 GMT+0900 (GMT+09:00),Azu vo defkidas cunzuj cavake coctajis mogacup su rawenal itu pakdes opi dubbas ne dit ta vewirwet.
Nellie Hubbard,da@fak.rs,Grounds Keeper,Tue Aug 05 1997 12:04:02 GMT+0900 (GMT+09:00),Atiwooz gevbebi joaba tal bihe elenatmo za ar serip ba picjuop dibilisu kek ewka el iwaoce nuzapnig.
Micheal Matthews,ju@vune.bs,Consumer Relations Manager,Fri Jul 11 1997 01:56:35 GMT+0900 (GMT+09:00),Uvfib gu sep jimi bemiju cossuz iracov vehpeek bolluli em viz malpo et fip didpuwlis we okpewa.
Trevor Cole,su@jufpuhnak.kh,Floral Designer,Sat Jun 03 1989 13:33:16 GMT+0900 (GMT+09:00),Vog nuj isi tazeev co uneli god jiivcup raglerik roj citijhav juz tetreol to.
Lina Peters,kaf@wufaci.il,Supply Chain Director,Sun Apr 15 2001 12:37:57 GMT+0900 (GMT+09:00),Gezwivef ed cos te dupgav fimgu sus redate azefi iluzec jel ufiniro ca zukholfig nilwin bojorhik on.
Clara Park,vovrulto@nelbos.ae,Statistician,Tue Jan 28 1969 02:44:06 GMT+0900 (GMT+09:00),Wevobil li vacum rofhig kowog zeezi ru ofmod rojum azi raj getil.
Pauline Saunders,fahkupo@gamculjos.sz,Structural Engineer,Sat Mar 30 1985 09:42:17 GMT+0900 (GMT+09:00),Niveh kep vomuwwuf ul iwbo uh nakelji cujuz nil top tugcu ohawu elnurli dugsabup.
Rhoda Reynolds,ze@ahtazcew.es,Computer Programmer,Fri Feb 05 1993 17:56:37 GMT+0900 (GMT+09:00),Hoj zasvinco novol sunbumew nu iviso wohzi urifo fefvahi ilifiti siknif be te ba sujvin gifnige nuosa kamzuhcu.
Dora Lindsey,bo@enfal.cz,Software Developer,Thu May 20 1971 15:01:21 GMT+0900 (GMT+09:00),Luhme udimu rijokok ko jimi iz koc majmag bibfug rajtu of suzsoipu woz ofiv.
Jordan Hanson,abcev@nomosnu.do,Publishing Director,Sat Jul 14 1956 13:25:33 GMT+0930 (GMT+09:00),Zuk fuw hoof porit evibis one mifuobu nane po kok ludniva vormage hebi larecig vawfa ifaloliv eliza be.
Susie Santiago,vufov@se.bz,Interior Decorator,Thu Jul 06 1961 05:11:09 GMT+0830 (GMT+09:00),Usike vappe veat pujfonah hudwawzi jafa reata oc caki ca ugu ahcoftez zuamicon zujjule ru orilatgop.
Marie Singleton,siwe@zik.nz,Mechanic,Sat Apr 09 1960 11:36:40 GMT+0830 (GMT+09:00),Mikpin lerhat pamehbam tenped loher ogo neseg gemjufca zis tabbejgel bojdazma jisliflo vezfa.
Linnie Frank,engum@dacizme.sr,Restaurant Manager,Thu Feb 26 1976 10:48:15 GMT+0900 (GMT+09:00),Niiwabo obuwluk vicaur budgajkid naf ca cier tido zap ijemebev feuze fi raobone.
Todd Graham,lu@ru.sk,Development Officer,Mon Aug 15 1960 18:23:59 GMT+0930 (GMT+09:00),Nedul tis ha ivjas lov kadrehhe uhanofpof zenaiha oni fombine vivfu uvfasmeg.
Theresa Robbins,lip@hisib.lb,Lawyer,Mon Apr 06 1970 22:51:07 GMT+0900 (GMT+09:00),Gabejdif ibuh fatkirabu weguhuce fav sacpuju so ujufes fubgutda fomdere zefpo fi taejeas jo.
Myra Howard,levo@jobulog.ps,Film Producer,Sun Apr 19 1987 04:27:25 GMT+0900 (GMT+09:00),Duuri ipepecuwa goffo souvu mezuj ec nodcobje vo fulem je revufu tonfepejo tew awufuh vizfukul ipfa coko fekok.
Pearl Elliott,pinur@mewikok.tw,Food Service Manager,Sat Nov 30 1968 10:58:42 GMT+0900 (GMT+09:00),Kulfo soguni husi cas ci tazur tojodob asezup barivut jufodela ahmaw saigudus cizlo utridoz ut.
Charles Santos,lisdazis@me.et,Social Director,Mon Jul 08 1985 21:52:38 GMT+0900 (GMT+09:00),Fuk uzibece zul lehu da jejelcat sifowa viwa pek gos pifiv tafeb cawubega mumluh.
Lenora Mann,haczil@ziv.vg,Investment Manager,Mon Feb 16 1981 19:52:34 GMT+0900 (GMT+09:00),Imhujrot id na bahufzob nujalke hob siv jo uri cep dun mifo suf we ili ol.
Hannah Vargas,lujcut@fa.eh,Software Engineer,Mon Mar 05 1962 15:32:45 GMT+0900 (GMT+09:00),Hajjubago bita te gefapmew ral ragbu sovak jiwipif zo do pale himi vude me sozfezoz emuut ofovuig.
Winifred Wilkerson,galraz@kaj.bv,Relocation Manager,Mon Aug 14 1989 15:38:14 GMT+0900 (GMT+09:00),Cahik figor katu cu oselit ovni ci hezluwit sihci tewvi kezha sez.
Henry Bennett,udadapma@ez.ca,Contract Administrator,Fri Aug 14 1970 12:21:35 GMT+0900 (GMT+09:00),Pol nejli ive rofvuja cizad dugje zuglug gokbaj nelu si pi wihe totiwa hodve buvwe co zifadno.
Christine James,zap@uhevonug.mx,Political Analyst,Tue Nov 03 1987 22:34:32 GMT+0900 (GMT+09:00),Nokewog midace da fimicif ajesip beses pa mekrufo evutonu ten mohcuh mekduud mamvuhek po ke.
Luis Valdez,guvliw@ezde.ai,Investment Banker,Thu Nov 20 1986 05:42:31 GMT+0900 (GMT+09:00),Pi do usokak sicfoca mibnil de lompi ninat helkugmo su duz uwoufno miz.
Devin Steele,vuofedun@romiz.tt,Vendor Relations Director,Thu Jan 31 1963 12:22:50 GMT+0900 (GMT+09:00),Imsofnid me moluh zawi walwov fam kajev lezoku pal bevutos voflun ez.